name,description
Harry Potter and the Chamber of Secrets,"Harry Potter and the Chamber of Secrets, the second installment in J.K. Rowling's beloved series, takes readers on another thrilling adventure into the world of magic and mystery.The story begins with Harry's second year at Hogwarts School of Witchcraft and Wizardry, and it's not long before trouble starts brewing. Mysterious events unfold within the castle, including the petrification of students and the appearance of ominous messages written in blood. Rumors of the Chamber of Secrets, a hidden chamber said to house a deadly creature, resurface, and the school is plagued by fear.Harry, along with his loyal friends Ron and Hermione, sets out to uncover the truth behind the Chamber of Secrets and clear the name of Hagrid, who is accused of opening it years ago. Along the way, they encounter a host of colorful characters, magical creatures, and enchanted objects, adding depth and humor to the story.Dobby the house-elf makes his debut, bringing a mix of mischievousness and genuine concern for Harry's safety. Gilderoy Lockhart, the inept Defense Against the Dark Arts teacher, adds a touch of comedic relief, while Professor Snape's role becomes more complex as his past connection to the Chamber of Secrets is revealed.The novel is a captivating blend of mystery and adventure, with Harry's determination and bravery driving the plot forward. It explores themes of prejudice and the consequences of discrimination, as well as the idea that one's true character is more important than their ancestry.The climax of the story takes Harry deep into the Chamber of Secrets, where he confronts the true culprit behind the attacks and uncovers shocking secrets about his own past. With the help of his friends and his resourcefulness, Harry emerges victorious, and Hogwarts is once again a safe place for wizards and witches.Harry Potter and the Chamber of Secrets is a delightful continuation of the series, filled with magic, wonder, and the enduring themes of friendship and courage. It's a testament to Rowling's skill at crafting a captivating and immersive world that continues to enchant readers of all ages."
Catching Fire,"In 'Catching Fire,' Katniss Everdeen and Peeta Mellark return home to District 12 as the victors of the 74th Hunger Games. However, their victory has made them symbols of resistance against the oppressive Capitol. President Snow, fearing a growing rebellion, announces a special edition of the Hunger Games, the Quarter Quell, which forces past victors to compete once again.Katniss and Peeta, along with other past victors, are thrown back into the deadly arena. This time, they face not only physical challenges but also the complex web of political intrigue and alliances among their fellow tributes. Katniss becomes a reluctant symbol of the rebellion, known as the Mockingjay, inspiring the districts to rise against the Capitol.As the Quarter Quell progresses, Katniss and Peeta must navigate the dangerous alliances, betrayals, and secrets of the arena.'Catching Fire' is a thrilling and suspenseful continuation of Katniss's journey, filled with action, political intrigue, and the growing sparks of rebellion against the Capitol's tyranny."
Harry Potter and the Philosopher's Stone,"Harry Potter and the Sorcerer's Stone (or Harry Potter and the Philosopher's Stone in the original UK edition) is the book that introduced readers to the magical world created by J.K. Rowling.The story begins with a young, orphaned boy named Harry Potter, who has spent his early years living with his cruel aunt, uncle, and cousin, the Dursleys. On his eleventh birthday, Harry learns that he is a wizard and has been accepted to attend Hogwarts School of Witchcraft and Wizardry. This revelation not only changes his life but also opens up a world of wonder and possibility.As Harry arrives at Hogwarts, he befriends Ron Weasley and Hermione Granger, and together, they embark on a journey of discovery. The school is filled with magical creatures, enchanted objects, and hidden secrets. They learn about the four houses—Gryffindor, Slytherin, Ravenclaw, and Hufflepuff—and the history of the wizarding world.The heart of the story revolves around the mystery of the Sorcerer's Stone, a powerful magical artifact with the potential to grant immortality. Harry and his friends uncover a plot to steal the stone, and they must use their wits and bravery to protect it from falling into the wrong hands.The novel introduces iconic characters such as Albus Dumbledore, Severus Snape, and Professor McGonagall, and readers are given glimpses into the dark past of Lord Voldemort, the most feared dark wizard of all time.Harry Potter and the Sorcerer's Stone is a tale of friendship, bravery, and the discovery of one's true identity. It explores themes of good versus evil, the importance of choice, and the enduring power of love. Rowling's storytelling captivates readers with its rich world-building and imaginative magic, making it an enchanting introduction to the Harry Potter series. It's a story that has sparked the imaginations of millions and continues to be beloved by readers of all ages."
Harry Potter and the Prisoner of Azkaban,"Harry Potter and the Prisoner of Azkaban is the third book in J.K. Rowling's iconic Harry Potterseries. In this enchanting installment, Harry Potter returns to Hogwarts School of Witchcraft andWizardry for his third year. However, his school year takes an unexpected turn when it's revealed that the dangerous wizard Sirius Black has escaped from the wizarding prison, Azkaban.As Harry learns more about Sirius Black and his supposed connection to his own family, he embarks on a journey filled with mystery and intrigue. Alongside his loyal friends, Ron and Hermione, he unravels secrets about his past while trying to stay safe from the sinister Dementors that guard the school.Prisoner of Azkaban introduces readers to new magical creatures, such as Buckbeak the Hippogriff and the Marauder's Map, while delving deeper into the wizarding world's history and mythology. The novel explores themes of justice,forgiveness, and the power of friendship, making it a pivotal and captivating installment in the series."
A Game of Thrones,"In the first book of the 'A Song of Ice and Fire' series, 'A Game of Thrones,' readers are introduced to the intricate and treacherous world of Westeros. The story revolves around the power struggles among noble families vying for control of the Iron Throne. Eddard Stark, a nobleman of honor, is appointed as the Hand of the King and is drawn into a web of political intrigue, while his wife Catelyn investigates a sinister conspiracy. Meanwhile, Daenerys Targaryen, exiled royalty, seeks to reclaim the throne with the help of her dragons. Jon Snow, Eddard's illegitimate son, faces the dangers beyond the Wall. This epic tale weaves together a rich tapestry of characters and plots, filled with betrayal, ambition, and the looming threat of winter and supernatural forces."
Harry Potter and the Order of the Pheonix,"Harry Potter and the Order of the Phoenix, the fifth installment in J.K. Rowling's beloved series, takes readers on an emotional and action-packed journey into the wizarding world. As Harry returns to Hogwarts for his fifth year, he faces not only the usual challenges of adolescence but also the mounting threat of Lord Voldemort's return.This book delves deeper into the complexities of the wizarding world, exploring the Ministry of Magic, the secretive Order of the Phoenix, and the enigmatic Department of Mysteries. Harry's frustration and anger are palpable as he grapples with the skepticism of the wizarding community regarding Voldemort's return.Readers are introduced to new characters like Nymphadora Tonks and Luna Lovegood, each adding their unique charm to the story. Meanwhile, the bonds between Harry, Hermione, and Ron grow stronger as they face adversity together.The novel also delves into the tragic backstory of Voldemort and the prophecy that connects him and Harry. As secrets unravel and alliances are forged, the battle between good and evil becomes more intense than ever before."
Harry Potter and the Goblet of Fire,"""Harry Potter and the Goblet of Fire"" is the fourth installment in J.K. Rowling's beloved Harry Potter series. In this thrilling novel, Harry Potter returns to Hogwarts School of Witchcraft and Wizardry for his fourth year, only to find that the school is hosting the prestigious Triwizard Tournament. Despite being too young to participate, Harry is unexpectedly chosen as one of the champions, throwing him into a series of dangerous magical trials. As he navigates these challenges, he must also contend with the resurgence of the dark wizard Voldemort and the rising threat of his followers, the Death Eaters. The book explores themes of courage, friendship, and the consequences of one's choices. It's a tale of mystery, adventure, and the growing pains of adolescence as Harry and his friends face both external and internal struggles. ""Harry Potter and the Goblet of Fire"" is a turning point in the series, setting the stage for the darker and more complex themes that lie ahead."
Harry Potter and the Deathly Hallows,"Harry Potter and the Deathly Hallows, the seventh and final book in J.K. Rowling's epic series, brings the saga to a thrilling and emotionally charged conclusion. This novel is a masterpiece of storytelling, weaving together all the intricate threads of the previous six books to deliver a satisfying and unforgettable finale.As the book begins, Harry, Ron, and Hermione have left Hogwarts behind to embark on a dangerous mission: to find and destroy the Horcruxes that contain pieces of Voldemort's soul, thereby rendering him mortal once again. Their journey takes them to places both familiar and new within the wizarding world, and they face countless challenges and dangers along the way.The trio's bond is tested to its limits, and readers witness the characters' growth, resilience, and unwavering friendship as they face the darkest of times. The Horcrux hunt is not the only pressing concern, as Voldemort's power continues to grow, and the Ministry of Magic falls under his control.The book is filled with revelations about characters' backgrounds, including Snape's true allegiance and the history of the Deathly Hallows—a trio of powerful magical objects. These revelations add depth and complexity to the story, shedding light on previously unanswered questions.The climactic Battle of Hogwarts is a heart-pounding and emotionally charged showdown between the forces of good and evil, with beloved characters facing life-changing decisions and sacrifices. The book explores themes of love, sacrifice, and the enduring power of hope in the face of overwhelming darkness.Without giving away too many spoilers, Harry Potter and the Deathly Hallows provides a deeply satisfying conclusion to the series, tying up loose ends and delivering a poignant and hopeful epilogue that gives readers a glimpse into the characters' futures.This book is a testament to J.K. Rowling's talent as a storyteller, and it remains a beloved classic in the world of literature, captivating readers of all ages with its magical world, memorable characters, and timeless themes. It's a fitting end to the extraordinary journey of Harry Potter and his friends."
The Hunger Games,"In a dystopian future, the nation of Panem is divided into twelve districts and ruled by the oppressive Capitol. As punishment for a past rebellion, the Capitol annually selects one boy and one girl from each district to participate in the Hunger Games, a televised fight to the death. When Katniss Everdeen's younger sister, Prim, is chosen as a tribute, Katniss volunteers to take her place.Katniss, along with Peeta Mellark, the other tribute from District 12, is thrust into the brutal and deadly arena. To survive, they must form alliances, outwit their opponents, and win the favor of the Capitol audience. Katniss's determination, resourcefulness, and defiance against the Capitol make her a symbol of resistance, sparking a revolution that threatens the Capitol's control.As the games progress, Katniss and Peeta must navigate the treacherous arena while facing moral dilemmas and fighting for their lives. 'The Hunger Games' is a gripping tale of survival, sacrifice, and the human spirit's resilience against tyranny."
Harry Potter and the Half of the Blood,"Harry Potter and the Half-Blood Prince, the sixth installment in J.K. Rowling's iconic series, takes readers deeper into the mysteries of the wizarding world and the ever-escalating conflict against the dark forces of Lord Voldemort.In this book, Harry returns to Hogwarts for his sixth year, accompanied by his friends Ron and Hermione. The atmosphere is tense as Voldemort's power continues to grow, and his Death Eaters wreak havoc in both the wizarding and Muggle worlds. Dumbledore, now more central to the plot than ever, begins to share crucial information with Harry about Voldemort's past, Horcruxes, and the importance of a mysterious potion book labeled as the property of the Half-Blood Prince.Romantic entanglements also take center stage as Harry navigates his feelings for Ginny Weasley, Ron's younger sister, and Ron grapples with his own romantic interests. Hermione, too, experiences the pangs of young love.The Half-Blood Prince's textbook, filled with annotations and spell improvements, helps Harry excel in his Potions class, but it also leads him down a dark path of temptation. Meanwhile, Draco Malfoy, now burdened with a dangerous mission from Voldemort, becomes increasingly unhinged.As the story unfolds, Dumbledore and Harry embark on a perilous quest to uncover one of Voldemort's Horcruxes, and the tragic past of Tom Riddle, Voldemort's younger self, is revealed. The book explores themes of choice, sacrifice, and the weight of destiny as the characters prepare for the ultimate showdown between good and evil.Harry Potter and the Half-Blood Prince is a captivating and emotionally charged installment in the series, with a dramatic climax that leaves readers eagerly anticipating the final book. It's a story of personal growth, love, and the enduring struggle for a world free from darkness and tyranny, making it an essential chapter in the epic tale of Harry Potter."
A Clash of Kings,"In the second book of the 'A Song of Ice and Fire' series, 'A Clash of Kings,' the power struggle for the Iron Throne intensifies as the Seven Kingdoms of Westeros are plunged into chaos. King Robert Baratheon is dead, and multiple claimants to the throne emerge, including Stannis and Renly Baratheon, Robb Stark, and Balon Greyjoy. Eddard Stark's son, Robb, is declared King in the North as the War of the Five Kings unfolds. Meanwhile, in King's Landing, Joffrey Baratheon reigns as king under the control of his cunning mother, Cersei Lannister. Across the Narrow Sea, Daenerys Targaryen seeks allies and dragons to retake the throne. As war, intrigue, and supernatural threats escalate, the characters are tested, alliances shift, and the fate of Westeros hangs in the balance."
The Lord of the Rings - Fellowship of the Ring,"The Lord of the Rings is an epic high-fantasy novel written by English author and scholar J. R. R. Tolkien. The story began as a sequel to Tolkien's 1937 fantasy novel The Hobbit, but eventually developed into a much larger work."
The Lord of the Rings - The Two Towers,"The second part of the epic fantasy adventure of Frodo and the Fellowship as they continue their quest to destroy the One Ring. In this book, the Fellowship is broken and the members go their separate ways as they face new challenges and dangers in their respective journeys. Meanwhile, the forces of darkness continue to grow and threaten the land of Middle-earth. The book is divided into two parts, with the first part focusing on the members of the Fellowship who are separated from each other. The second part focuses on the characters who are not part of the Fellowship, but are still involved in the events of the story. The book ends with a cliffhanger, setting the stage for the next part of the story. This book is the second part of the Lord of the Rings trilogy, and is preceded by The Fellowship of the Ring and followed by The Return of the King."
The Lord of the Rings - The Return of the King,"The Return of the King is the third and final volume of J. R. R. Tolkien's The Lord of the Rings, following The Fellowship of the Ring and The Two Towers. The story begins in the kingdom of Gondor, which is soon to be attacked by the Dark Lord Sauron. The story follows the characters Frodo Baggins, Samwise Gamgee, and Gollum as they journey to Mount Doom in Mordor to destroy the One Ring, which is the source of Sauron's power. The story also follows the characters Aragorn, Legolas, Gimli, and Gandalf as they lead the armies of Gondor and Rohan in the War of the Ring against Sauron's forces. The story ends with the destruction of the One Ring and the defeat of Sauron, and the beginning of the Fourth Age of Middle-earth. The Return of the King was first published in 1955, and was adapted into a film trilogy by Peter Jackson in 2001-2003. "
Normal People,"Normal People is a novel by Irish author Sally Rooney. It is Rooney's second novel, published in 2018. The television adaptation of the same name is based on the novel. The novel follows the relationship between Marianne Sheridan and Connell Waldron, as they navigate adulthood from their final days in secondary school to their undergraduate years at Trinity College. The novel explores themes of class, love, and mental health through the lens of these two characters. "
Where the Crawdads Sing,"Where the Crawdads Sing is a novel by Delia Owens that tells the story of Kya Clark, who is known as the 'Marsh Girl of Barkley Cove.' The novel follows Kya's journey from childhood to adulthood, as she navigates the complexities of love, abandonment, and survival in the marshlands of North Carolina. Set against"
Mockingjay,"In 'Mockingjay,' Katniss Everdeen becomes the symbol of rebellion against the Capitol after surviving the Quarter Quell. As the Mockingjay, she embarks on a mission to unite the districts of Panem in a revolution against President Snow's oppressive regime. However, Katniss finds herself torn between her role as the face of the rebellion and her personal desires. As the war escalates, Katniss must navigate through betrayal, loss, and the ethical dilemmas of war. 'Mockingjay' is a gripping conclusion to the Hunger Games trilogy, filled with action, suspense, and the complexities of human nature amidst conflict."
Frankenstein," Frankenstein; or, The Modern Prometheus is a novel written by English author Mary Shelley that tells the story of Victor Frankenstein, a young scientist who creates a sapient creature in an unorthodox scientific experiment. Shelley started writing the story when she was 18, and the first edition was published anonymously in London on 1 January 1818, when she was 20. Her name first appeared in the second edition, which was published in Paris in 1821."
A Storm of Swords,"In the first book of the 'A Song of Ice and Fire' series, 'A Game of Thrones,' readers are introduced to the intricate and treacherous world of Westeros. The story revolves around the power struggles among noble families vying for control of the Iron Throne. Eddard Stark, a nobleman of honor, is appointed as the Hand of the King and is drawn into a web of political intrigue, while his wife Catelyn investigates a sinister conspiracy. Meanwhile, Daenerys Targaryen, exiled royalty, seeks to reclaim the throne with the help of her dragons. Jon Snow, Eddard's illegitimate son, faces the dangers beyond the Wall. This epic tale weaves together a rich tapestry of characters and plots, filled with betrayal, ambition, and the looming threat of winter and supernatural forces."
A Brief History of Time,"A Brief History of Time is a popular-science book by Stephen Hawking first published in 1988. Hawking wrote the book for readers who have no prior knowledge of the universe and people who are just interested in learning something new. The book covers the history of the universe, from the big bang to black holes, and explains complex scientific concepts in simple terms."
